nomeAtiv,dataEntrega,pontuacaoMax,statusAtiv,tipo,descricao,notaFinal,arquivo
NbqzYpeg,16/9/2020,52,Concluida,Prova,YbvbMctq,12,-
FlwcXctk,0/8/2021,2,Concluida,Prova,SfceTvpv,60,-
ZgctYdmq,22/5/2020,56,Concluida,Prova,RqkwNdff,82,-
BfpaBlpq,28/7/2021,76,Concluida,Prova,WwbzHmif,41,-
VzclSbuo,15/2/2020,62,Concluida,Prova,LpciTjes,25,-
TulcVrqs,2/3/2021,13,Concluida,Prova,OwrkCrob,58,-
NoppMfmu,28/10/2021,73,Concluida,Prova,VsafOaxd,51,-
SjyzNzlo,13/4/2021,71,Concluida,Prova,DiyuKcyf,80,-
CdykIojn,0/10/2020,75,Concluida,Prova,CclvZfzt,82,-
LnyaWqwm,1/3/2021,92,Concluida,Prova,CshbTgtc,66,-
VstyZzhp,23/9/2021,68,Concluida,Prova,HkuxMagp,92,-
RgxrQitu,22/6/2020,33,Concluida,Prova,FndqTcez,84,-
EofqSqae,17/5/2021,34,Concluida,Prova,FgbgDmck,44,-
PrywJccq,14/4/2020,99,Concluida,Prova,KlrtUfvx,80,-
SlkcGjnt,27/8/2021,16,Concluida,Prova,KnfdRqrt,14,-
YtjiLdqq,2/5/2021,3,Concluida,Prova,KejcRjiy,3,-
NmciVxus,26/12/2020,70,Concluida,Prova,CbdvRyjv,4,-
KybbMreb,25/12/2020,20,Concluida,Prova,ZohdNdyq,98,-
MjoeQkkp,0/4/2021,93,Concluida,Prova,DpdgHybw,94,-
ZwyxVejj,1/1/2021,41,Concluida,Prova,QvgdVgra,38,-
GwymVcyh,20/5/2020,94,Concluida,Prova,ClqiYfxw,69,-
VjpxWhbt,7/10/2020,12,Concluida,Prova,BnasFxsm,52,-
ZvfgXqgy,7/11/2020,1,Concluida,Prova,HmrlMkax,68,-
UwfrFctk,30/4/2021,2,Concluida,Prova,KtprFrak,76,-
EbwtHejv,0/4/2021,90,Concluida,Prova,TpfjYetz,19,-
BojqMhky,30/2/2021,89,Concluida,Prova,HpqbUnxl,79,-
PdduDuwi,23/6/2021,23,Concluida,Prova,PeepWoxf,42,-
YnixJxqk,8/10/2020,83,Concluida,Prova,NmbuUeck,82,-
JebwOsik,15/1/2020,35,Concluida,Prova,EejlIvbu,1,-
WqszWyhe,13/2/2021,66,Concluida,Prova,DeokRtwy,31,-
NxhfPnsk,25/5/2020,51,Concluida,Prova,HmvvZgdx,75,-
AcufLkfq,2/12/2020,97,Concluida,Prova,OpmtGfrc,40,-
CcvhUycf,12/2/2021,91,Concluida,Prova,QppgYmku,9,-
PzuoWxpb,31/3/2020,11,Concluida,Prova,PugcCpwz,17,-
YrbkCkli,31/8/2020,100,Concluida,Prova,NxwpHwoa,73,-
VvsrHzsw,24/5/2020,25,Concluida,Prova,PyvxFlwm,64,-
BmzqVvnb,8/6/2020,32,Concluida,Prova,IawsPiiv,33,-
OornLpwp,31/6/2021,79,Concluida,Prova,WpqvUstz,2,-
JlxtMibr,24/9/2020,50,Concluida,Prova,OdgoOdkn,4,-
FhwgNeio,16/4/2020,4,Concluida,Prova,UsahOdxc,4,-
FclgYewh,23/10/2021,92,Concluida,Prova,EwroMyxw,4,-
ZwowVdvn,7/3/2021,23,Concluida,Prova,DswkFxsz,73,-
NmsbEjnw,12/3/2020,68,Concluida,Prova,EulpRspn,91,-
YotyLzkb,30/2/2021,37,Concluida,Prova,RsnvDyzm,96,-
LdqsCjso,4/11/2020,63,Concluida,Prova,WidzYqwl,81,-
SailUhte,6/7/2020,14,Concluida,Prova,RgivHcul,12,-
CzveKfry,22/1/2020,98,Concluida,Prova,RjqgNiyg,60,-
OwkuRgoq,26/11/2021,51,Concluida,Prova,YawgKhao,69,-
YqjkNsld,28/7/2021,39,Concluida,Prova,LxovHnbz,71,-
GifjZrcf,20/2/2021,93,Concluida,Prova,CirfBedc,81,-
LkymWgvi,23/1/2021,40,Concluida,Prova,MdsyOozi,32,-
UqibMoms,19/4/2021,34,Concluida,Prova,UbieGcvy,94,-
JpjcNbda,31/10/2020,52,Concluida,Prova,QcqxMbal,17,-
UmxgVugz,31/10/2021,60,Concluida,Prova,XeezSgps,36,-
HzwbYcka,11/12/2020,30,Concluida,Prova,WwoqLhwk,47,-
RwrwWdpl,0/1/2020,5,Concluida,Prova,QcddBjlz,67,-
PwuhOzar,20/8/2021,13,Concluida,Prova,IaecUmoa,52,-
XgmmOhod,30/3/2020,56,Concluida,Prova,UsvdMobu,16,-
YimoSpzx,24/2/2021,4,Concluida,Prova,JkrsNnwr,10,-
QrngUkfi,29/12/2021,28,Concluida,Prova,XkhiKnaq,30,-
LtuzAdiy,30/6/2020,58,Concluida,Prova,EdkkRqto,50,-
WdjpXhgu,15/10/2020,76,Concluida,Prova,GwefGfdw,77,-
DyrfPwxg,7/9/2021,38,Concluida,Prova,WzfsBdsy,92,-
IzncApyp,16/10/2020,8,Concluida,Prova,BxwxTbem,41,-
BifaLgdd,8/3/2021,3,Concluida,Prova,PeobWxda,59,-
YsgrEdly,25/11/2021,3,Concluida,Prova,JykkXiuq,69,-
IxwcHnei,26/1/2020,25,Concluida,Prova,SswfFhhl,25,-
JrynZddp,2/11/2020,46,Concluida,Prova,HoslWufc,95,-
EdrgGdmu,18/3/2021,3,Concluida,Prova,KplgKhwk,7,-
RqoaPlxr,26/11/2020,42,Concluida,Prova,QsvhRdla,38,-
JhabKnoc,12/8/2020,12,Concluida,Prova,TsijXuiy,65,-
RbreScbq,14/6/2020,44,Concluida,Prova,UidrJvmn,73,-
BkedYmts,7/2/2020,23,Concluida,Prova,MuklCvpr,19,-
IodmWyml,12/3/2020,1,Concluida,Prova,InjmRsex,52,-
VsqrLexs,8/7/2020,5,Concluida,Prova,UbizWbpm,79,-
FeenXqva,23/11/2020,47,Concluida,Prova,DbrqDamd,61,-
MaumCaoj,1/4/2020,19,Concluida,Prova,QtcsDger,25,-
KlacBfxi,31/12/2021,57,Concluida,Prova,OoblCbux,26,-
IslkHyxs,6/12/2020,23,Concluida,Prova,EiyfMaap,21,-
JoegIias,27/1/2020,3,Concluida,Prova,GzisJfbs,35,-
BbgoXnua,27/11/2021,42,Concluida,Prova,HqtsTcgo,66,-
VxnaSlyd,28/10/2021,22,Concluida,Prova,SkgsTvud,85,-
QlscFqav,16/8/2020,98,Concluida,Prova,EuidUuuu,24,-
WcxpQqwk,6/10/2021,93,Concluida,Prova,XembAskh,61,-
OjroOidm,28/8/2021,44,Concluida,Prova,JobaFluj,84,-
AlcgAuft,28/8/2020,87,Concluida,Prova,JjbtZkpn,89,-
XliuVbnd,16/4/2020,18,Concluida,Prova,CkibJcwx,52,-
DddtKvxx,13/10/2021,39,Concluida,Prova,LoxhEalq,82,-
QmxhGawp,8/5/2020,89,Concluida,Prova,IontNxlw,65,-
VbgwYiho,5/8/2020,86,Concluida,Prova,RxizCzlf,94,-
MoaxSpyy,17/9/2021,10,Concluida,Prova,SldyKgaq,7,-
JnrfKikf,16/6/2020,21,Concluida,Prova,ShqsDtai,8,-
FmijDkjy,16/9/2021,10,Concluida,Prova,WhjcPidd,84,-
EeshZvys,28/6/2021,18,Concluida,Prova,WuscYswh,36,-
EkatZbcv,0/1/2021,19,Concluida,Prova,YovcNxib,45,-
CdbsClvt,7/3/2020,99,Concluida,Prova,AjcjMduc,76,-
CqwwBhge,1/1/2020,25,Concluida,Prova,DjstPnwd,19,-
QvbeCpgh,2/1/2020,4,Concluida,Prova,EjaxBvvc,33,-
WhzjYpbv,21/8/2020,98,Concluida,Prova,QtrbVnpy,15,-
LisaQmde,12/9/2021,59,Concluida,Prova,XjduUawa,96,-
ZrfzRvov,3/10/2020,12,Concluida,Prova,OwnxJasp,12,-
AkztWbjw,31/11/2020,43,Concluida,Prova,IvzwXbwa,39,-
JaubKuno,3/4/2020,82,Concluida,Prova,WrgpNijv,40,-
VdsfMktt,1/12/2021,95,Concluida,Prova,XaseMbae,59,-
FrlbBkhh,11/12/2021,73,Concluida,Prova,WzohLgnt,24,-
McnfVgum,24/3/2021,53,Concluida,Prova,AqmoRmzp,26,-
LtbaYgry,23/5/2021,64,Concluida,Prova,TxgoXyir,54,-
FutuQfdx,23/10/2021,69,Concluida,Prova,MzdjCiqj,85,-
TmfyJnmt,16/11/2020,36,Concluida,Prova,ErpwVhfy,21,-
KudjKvto,11/8/2021,53,Concluida,Prova,SxxeGfme,21,-
JklsKzkj,27/9/2021,38,Concluida,Prova,FdmvGdot,7,-
XgbuZzai,23/2/2020,21,Concluida,Prova,VbqgBtiv,63,-
IpoyXutu,10/3/2021,80,Concluida,Prova,MzdlSrhi,86,-
CoydJook,26/9/2020,5,Concluida,Prova,AmgxSljn,18,-
MzthBree,13/12/2020,28,Concluida,Prova,OttnDkgk,100,-
CiauYtxf,9/9/2020,35,Concluida,Prova,EawrLgxb,33,-
CximOmif,28/10/2020,52,Concluida,Prova,DjeaXcpi,57,-
VwlbBlpv,9/10/2021,71,Concluida,Prova,PfauTwmm,47,-
NxuxYyfm,6/3/2020,13,Concluida,Prova,PxyrTwol,96,-
FsajGgpw,22/1/2020,96,Concluida,Prova,CoblSjnn,29,-
QbmnKscn,10/11/2021,40,Concluida,Prova,GcxhSgsn,91,-
MunlVhlf,25/9/2020,15,Concluida,Prova,KxeeUvve,7,-
JuzvEcqx,16/12/2020,100,Concluida,Prova,SrwrCvka,17,-
InuyDnmw,29/9/2020,23,Concluida,Prova,VzdyBpim,56,-
WywuTqsa,13/4/2021,18,Concluida,Prova,OrvrXwhj,53,-
ObdvDimx,4/2/2021,56,Concluida,Prova,WtajCabw,73,-
AionUpiv,4/9/2020,90,Concluida,Prova,IdyoGcgb,19,-
NupyLiiu,2/5/2021,86,Concluida,Prova,NghwIgjf,89,-
FtfnFvnz,29/2/2021,64,Concluida,Prova,OmfdYhad,29,-
CbmgWdcj,25/11/2020,21,Concluida,Prova,UotzTpap,74,-
MydzFdqu,23/9/2021,42,Concluida,Prova,VppwErau,41,-
MqxxShmo,13/6/2021,43,Concluida,Prova,FvzyPqok,90,-
DjenTcxv,26/11/2020,82,Concluida,Prova,TmegMubk,44,-
KbixRgtm,6/5/2020,73,Concluida,Prova,UvspJywd,16,-
CoduErvn,4/2/2020,23,Concluida,Prova,NtqdDnnp,10,-
VqezLgme,8/12/2020,1,Concluida,Prova,RcsrJzcb,59,-
FgffFoeh,18/6/2021,85,Concluida,Prova,StnwFzte,62,-
PipgGopd,16/3/2020,67,Concluida,Prova,KmlcPbkq,88,-
YpqwOmsj,4/11/2020,90,Concluida,Prova,YvfbVstb,79,-
NllhOmsg,25/5/2021,32,Concluida,Prova,DmlxHawb,67,-
NjmjJbia,18/10/2020,88,Concluida,Prova,ZcbpUldu,97,-
BszoHqfl,18/10/2020,23,Concluida,Prova,GdpaIzgy,40,-
GlhnXnst,6/11/2020,46,Concluida,Prova,IgzqUfpm,49,-
DnzdOeif,29/5/2021,14,Concluida,Prova,KwtqLebx,76,-
JxiuByjz,25/1/2021,43,Concluida,Prova,UwknErpp,16,-
EayfRhdh,19/4/2020,10,Concluida,Prova,RarpKwhx,65,-
MnmySsio,16/2/2020,26,Concluida,Prova,GzdjNiza,83,-
XotvJyhe,31/12/2020,23,Concluida,Prova,AvkaVnpj,9,-
VeyhKuvy,25/4/2020,64,Concluida,Prova,EiduZexw,7,-
OmtwAkqy,1/5/2021,51,Concluida,Prova,FrduHtre,40,-
LvenOlni,12/3/2020,60,Concluida,Prova,LlajTtjb,20,-
AugzRkza,25/2/2021,70,Concluida,Prova,IwozHtua,2,-
OutyVufx,17/1/2020,86,Concluida,Prova,WdofMazj,43,-
AeqjIzvz,21/6/2020,62,Concluida,Prova,TaymPvvh,64,-
MylgLowr,10/12/2020,87,Concluida,Prova,QjfhXvbq,53,-
WbuaVrvz,9/11/2020,33,Concluida,Prova,SjxqRuoa,61,-
RnanTdys,6/10/2020,71,Concluida,Prova,TfcoNaik,10,-
RlmuKybq,24/3/2021,28,Concluida,Prova,FjrgCjqj,7,-
LkivQnlt,10/11/2020,92,Concluida,Prova,HvixIgls,17,-
GazfGemo,7/7/2021,16,Concluida,Prova,UupsTqzw,38,-
NpmrCmmv,15/3/2020,98,Concluida,Prova,LagrBfew,75,-
WkriNeho,3/11/2020,76,Concluida,Prova,TgyxYlsr,25,-
WxckRvgu,14/12/2020,39,Concluida,Prova,SnkxIywt,80,-
PpbqUcti,31/9/2021,28,Concluida,Prova,BkuzQrcq,24,-
VycdSoft,27/6/2021,46,Concluida,Prova,QnszAxxg,57,-
XsclNdxv,0/1/2020,35,Concluida,Prova,ZhvrSlyl,61,-
AxlyCuur,22/9/2020,62,Concluida,Prova,SaufOvwz,35,-
HbetJtsp,10/11/2020,81,Concluida,Prova,PkocFtsq,53,-
LkdrCfbn,5/8/2020,84,Concluida,Prova,IyquUsro,91,-
JkupVvqv,28/5/2020,41,Concluida,Prova,CplrRloq,47,-
GffsHhjh,1/6/2020,8,Concluida,Prova,LqwzYyhc,89,-
ZaovWjzq,19/2/2020,40,Concluida,Prova,WyvrTcvu,41,-
EgugJnux,23/9/2021,32,Concluida,Prova,XcugEocz,16,-
DhapJdad,5/12/2021,69,Concluida,Prova,PwytQeng,95,-
DxleWwki,10/8/2020,65,Concluida,Prova,XtdhMyjq,76,-
AfnvZwmm,24/9/2020,16,Concluida,Prova,ObhuMhdn,77,-
CyacGzyj,4/6/2020,85,Concluida,Prova,YzvhDkzl,98,-
ExzaQsnm,21/4/2020,8,Concluida,Prova,VwhyUhui,45,-
DbaaZjqu,7/11/2021,17,Concluida,Prova,HrhwDbuy,23,-
UomuWzrl,11/1/2020,45,Concluida,Prova,NymmYvwg,18,-
BbnkIhaj,12/8/2020,87,Concluida,Prova,FmyqOhfp,84,-
LmiuXiew,10/1/2021,98,Concluida,Prova,YvhdTqlh,47,-
LzwtOhbq,20/8/2020,12,Concluida,Prova,GnfaCakw,37,-
MwptCfrp,30/9/2021,50,Concluida,Prova,SrgmPezo,54,-
VswkLueh,11/12/2020,73,Concluida,Prova,DtjsJyth,55,-
KskiDodc,8/1/2020,91,Concluida,Prova,IicoHrzl,100,-
IbptHmok,26/4/2020,43,Concluida,Prova,PcpsDqjs,30,-
StihAfkr,28/11/2020,35,Concluida,Prova,KjmmLtrr,13,-
NwfrQbly,25/5/2020,76,Concluida,Prova,AauxQtun,70,-
QwwiQdsq,12/11/2021,40,Concluida,Prova,YypxCirz,1,-
CufgEmpi,16/8/2021,30,Concluida,Prova,UsiaYkcj,20,-
AycfJrfp,14/11/2021,73,Concluida,Prova,XqnbMjsd,34,-
SeumPfxn,5/2/2020,94,Concluida,Prova,OsinSjes,97,-
FnxnReoo,23/4/2020,86,Concluida,Prova,ChbrAzbg,33,-
BdfsJssb,20/3/2020,61,Concluida,Prova,WggrPvna,53,-
FnbsJrnf,22/7/2020,82,Concluida,Prova,ZlekEfjx,19,-
KoqzZyrf,28/8/2021,91,Concluida,Prova,QaroJlcp,82,-
GgvaBqld,17/5/2020,11,Concluida,Prova,BgpzAfbv,49,-
LqrkAcfi,12/6/2020,92,Concluida,Prova,SkvgOpbu,93,-
EoadBnia,26/12/2021,13,Concluida,Prova,UuxzEthe,38,-
LfrbCcmw,6/12/2021,46,Concluida,Prova,IgwmCzfl,89,-
UavlDknu,8/10/2020,19,Concluida,Prova,NaayFjcp,26,-
LciwTdwe,18/10/2021,76,Concluida,Prova,UajqWcvi,69,-
GiqhJdlh,4/7/2021,65,Concluida,Prova,RnfoCvfg,31,-
AjmzSunv,29/11/2020,64,Concluida,Prova,HobgSlal,83,-
ZymvMaiu,29/8/2021,49,Concluida,Prova,LjnuKafx,17,-
KbjqDzok,22/10/2020,37,Concluida,Prova,MovyNfiz,91,-
PlkmBkia,10/1/2021,26,Concluida,Prova,LhgxAsnx,97,-
GptsWzmz,27/7/2020,4,Concluida,Prova,RemrUfkr,24,-
UvphCtmb,8/5/2020,43,Concluida,Prova,QxtxKraj,38,-
FlioImhy,0/9/2020,2,Concluida,Prova,LqgzEfue,57,-
UsseGrdo,31/4/2020,53,Concluida,Prova,FmvlRdif,84,-
LycnRgms,7/5/2021,66,Concluida,Prova,DestQqvh,29,-
XgqgKeig,27/3/2020,79,Concluida,Prova,IxsgOyem,47,-
MxonWxqs,9/9/2020,71,Concluida,Prova,FngvBslb,3,-
YcesXifn,2/6/2020,28,Concluida,Prova,XfclZdof,33,-
KuhfIdwo,20/6/2020,67,Concluida,Prova,DjlbLagq,75,-
VxehDjlu,23/3/2020,52,Concluida,Prova,KixmRlhp,29,-
HfwgRqfd,15/10/2021,90,Concluida,Prova,YmhyAtje,52,-
UlmjHdpn,7/1/2020,22,Concluida,Prova,UpyyRhmp,11,-
YhvqYeeq,26/1/2020,60,Concluida,Prova,XzdqVhuh,59,-
LdaqQahr,30/7/2020,60,Concluida,Prova,IvivNdwc,94,-
SqlwCucv,5/3/2021,49,Concluida,Prova,PeniCvru,70,-
YqzwYhjl,28/6/2021,99,Concluida,Prova,EyayJdiv,7,-
BrogRbhj,31/7/2021,99,Concluida,Prova,CbvqOriq,75,-
OmwtSkxw,28/2/2020,73,Concluida,Prova,DlltKocw,73,-
UrdiBzgl,4/3/2020,62,Concluida,Prova,YniuKvjk,80,-
IolrLyje,11/6/2021,74,Concluida,Prova,WbxdAtwj,45,-
DciaWunc,5/1/2020,2,Concluida,Prova,BzrwGyyz,65,-
LfdsNcml,11/3/2020,95,Concluida,Prova,RccpFlkv,85,-
SwglUmzx,18/10/2021,97,Concluida,Prova,IpzkPssc,84,-
MnboBssd,0/2/2021,35,Concluida,Prova,UcywAvgx,96,-
XgnaMafa,15/3/2020,63,Concluida,Prova,VgrqYwvs,69,-
GhhsByqm,26/11/2021,50,Concluida,Prova,IhwfFgcf,68,-
DgtoTphg,22/4/2020,82,Concluida,Prova,IxunKegv,51,-
DeviPqgt,7/11/2021,54,Concluida,Prova,ZroxClbm,42,-
SpmvAnyt,16/5/2020,66,Concluida,Prova,UyeqRdxi,49,-
RkmxItwp,20/7/2020,1,Concluida,Prova,DlktEosa,99,-
PsebIuzb,18/11/2020,29,Concluida,Prova,YaweWbrk,63,-
HbnxSxoq,8/1/2020,99,Concluida,Prova,QjkvGizw,66,-
BeurErkr,1/6/2020,55,Concluida,Prova,CpvpNkjg,38,-
YjqbFqzn,27/2/2021,73,Concluida,Prova,RxgbZryv,88,-
WfkpZdoa,17/7/2021,40,Concluida,Prova,PxwfCafx,84,-
MhexHkmc,2/5/2020,35,Concluida,Prova,TdlhZdra,80,-
AiouBlvt,16/5/2020,92,Concluida,Prova,HnaiSvws,23,-
ZvgmTbia,31/10/2020,7,Concluida,Prova,UgptJosj,67,-
EdhpRdqk,2/11/2020,8,Concluida,Prova,GzjkIxqm,40,-
QxkrYhyd,1/6/2021,71,Concluida,Prova,ZjftYnlj,85,-
EpbwFskp,19/4/2021,88,Concluida,Prova,RbmyTuya,31,-
UpouRwil,4/7/2021,29,Concluida,Prova,CjnkDtfp,79,-
DiyrZyvl,29/11/2020,12,Concluida,Prova,XtjyYdyq,85,-
XyxqQdos,15/1/2020,64,Concluida,Prova,WoktScjt,41,-
VxwjNpmx,15/1/2021,94,Concluida,Prova,QilkKkef,75,-
BhsuPcjv,15/11/2021,21,Concluida,Prova,LdvtEaoc,51,-
NjfmCoox,10/10/2020,12,Concluida,Prova,NpscNeqm,93,-
RaklSife,29/11/2021,59,Concluida,Prova,IallWosa,65,-
PogbMvpv,14/3/2021,40,Concluida,Prova,LmsuDquq,92,-
PzljZlja,23/1/2020,63,Concluida,Prova,RqheVmej,26,-
UmtsZpgx,18/11/2021,68,Concluida,Prova,SqieBqyj,60,-
LvaaDpqj,17/4/2020,98,Concluida,Prova,CvoeIuef,98,-
XyvfKyct,17/6/2021,10,Concluida,Prova,EzuwIrxr,61,-
ZkwzErqk,9/8/2020,34,Concluida,Prova,DqyaOvsw,60,-
WvimPfxz,2/8/2021,32,Concluida,Prova,PrmvLhhp,21,-
AexlVduo,7/1/2021,95,Concluida,Prova,DtlkUauf,90,-
RtstDdvn,22/1/2021,98,Concluida,Prova,CgehLyvd,97,-
YwxsGysl,20/9/2020,12,Concluida,Prova,WfyiWtze,44,-
DbbwHmgs,15/12/2021,63,Concluida,Prova,HxbsFbjq,1,-
BwwwBpib,27/1/2020,82,Concluida,Prova,AaamRyey,32,-
ApofWjvp,28/7/2021,99,Concluida,Prova,McabPxjz,7,-
AduzYwjr,8/12/2021,28,Concluida,Prova,KwixKrpq,91,-
PqgnWcix,19/11/2020,70,Concluida,Prova,HqgmDzdc,57,-
AegbTvbc,28/6/2021,2,Concluida,Prova,VxdwGwap,82,-
TifaTdse,21/6/2021,64,Concluida,Prova,XvxfYdcd,28,-
LmkgDkwl,16/1/2020,75,Concluida,Prova,DhesUcvn,6,-
HfcvHlqe,1/4/2020,70,Concluida,Prova,HefrJces,44,-
RuokAxvg,31/10/2020,25,Concluida,Prova,LgjvNofp,17,-
YnuvJwyc,28/11/2020,74,Concluida,Prova,BgagRsah,13,-
UoloEorm,5/3/2021,28,Concluida,Prova,NjwrGtdw,39,-
JlfuNtgx,15/9/2020,26,Concluida,Prova,FmyoPzlg,100,-
HcqbIias,15/2/2020,25,Concluida,Prova,RiqjWbsf,87,-
GjzuHzih,29/4/2020,44,Concluida,Prova,TbwkXzem,77,-
BkizOamj,25/2/2021,40,Concluida,Prova,FaqjYxtr,77,-
JfckOopx,27/11/2021,45,Concluida,Prova,YrdbYori,63,-
IvwjNvew,22/7/2021,71,Concluida,Prova,EuxbQlrc,98,-
OtgvEwmw,29/11/2021,82,Concluida,Prova,CwohUwdm,3,-
UdyiOtdj,20/4/2021,27,Concluida,Prova,WoqeKjpo,36,-
FqbvWpst,25/5/2020,99,Concluida,Prova,YvfmQkti,23,-
JoftUsih,27/8/2020,15,Concluida,Prova,TsxtTfdn,48,-
OgskVydo,6/4/2020,16,Concluida,Prova,DgoyZvxw,40,-
JzygGcbl,5/7/2020,94,Concluida,Prova,PlyxLjqr,40,-
GgmgPnoe,4/4/2021,25,Concluida,Prova,FrggYcja,33,-
OavmSogx,30/10/2021,94,Concluida,Prova,KycxWeqz,17,-
DkwdVzlj,24/6/2020,36,Concluida,Prova,MmtuQjhj,57,-
HjbgAhlr,1/3/2021,6,Concluida,Prova,QuuzEpgt,73,-
LijeJiud,24/4/2020,50,Concluida,Prova,IxldNejq,40,-
HwohLoql,8/9/2020,57,Concluida,Prova,SrefCxsd,68,-
RuvcWmnv,28/11/2021,85,Concluida,Prova,VdpuWbsk,72,-
QqicDdps,31/12/2021,22,Concluida,Prova,NjtoWdga,56,-
TcfdQrmz,27/10/2020,17,Concluida,Prova,HijbEqqb,75,-
FptaEdve,16/5/2020,62,Concluida,Prova,PuqwXdwp,4,-
GcwfCfya,15/6/2021,9,Concluida,Prova,WxeuAbat,87,-
TrxvLfhx,29/4/2021,27,Concluida,Prova,AbbpSynf,4,-
IkbsXcyd,28/1/2021,70,Concluida,Prova,SnvwByas,34,-
BudkYvho,25/9/2021,7,Concluida,Prova,RyiaTsxb,74,-
YxdqXkbh,8/7/2021,25,Concluida,Prova,FrphEtjb,98,-
YhxlAsoo,19/10/2021,54,Concluida,Prova,XbuzUgab,43,-
BkofHzrm,4/4/2021,62,Concluida,Prova,WvsmAtrx,93,-
SwpoAkjz,2/6/2021,97,Concluida,Prova,EfagAapb,26,-
EbxoKaku,6/5/2020,89,Concluida,Prova,MhdlZeph,10,-
YwomUgrn,22/8/2020,73,Concluida,Prova,GmlvPccq,30,-
FbouIoaf,11/9/2021,32,Concluida,Prova,YeljSjzd,26,-
KtrrXswg,28/11/2021,91,Concluida,Prova,IzjsFfgo,57,-
AevxYtof,8/10/2021,14,Concluida,Prova,SyubEofn,96,-
RpaaEifb,8/4/2021,13,Concluida,Prova,MkxyQwco,9,-
IuyqPbuj,7/10/2020,12,Concluida,Prova,FsbgAbof,28,-
EskyVdxm,19/2/2020,68,Concluida,Prova,HtleJaey,58,-
KqpvWblr,11/5/2021,70,Concluida,Prova,DxjyFowm,43,-
NursNgho,3/7/2021,60,Concluida,Prova,YinmIpzl,80,-
LcgsRqpk,3/7/2020,25,Concluida,Prova,AomkJttk,10,-
AahmHnpc,23/12/2021,2,Concluida,Prova,StctOviz,20,-
KqadDnfi,2/4/2020,15,Concluida,Prova,GxapGzds,3,-
ZggsGqvx,23/7/2021,56,Concluida,Prova,TwbrGbhv,34,-
SldvYpee,23/5/2020,35,Concluida,Prova,EkowOuzp,16,-
DjywQqof,30/3/2021,93,Concluida,Prova,UefuLzae,10,-
JfuzBynv,17/5/2020,23,Concluida,Prova,TdqiSwpb,34,-
SbakDpon,24/4/2021,58,Concluida,Prova,ZpaxTecy,95,-
VjkqGdsu,11/9/2021,8,Concluida,Prova,QxfzEull,100,-
MqciFgrp,7/9/2021,97,Concluida,Prova,QdpoAqha,98,-
QjfeVnbn,21/3/2020,15,Concluida,Prova,LvjeUoyw,20,-
SrxiMaec,3/2/2021,96,Concluida,Prova,KptkAizp,64,-
QmmgTcdz,28/4/2020,19,Concluida,Prova,HqyvChjl,22,-
RjbcAmzc,28/9/2021,40,Concluida,Prova,MrkjShlf,67,-
BgwiUhuj,12/11/2021,34,Concluida,Prova,InrfBved,68,-
YpleQakh,27/7/2020,37,Concluida,Prova,IqaqKvic,88,-
ZbleAvsm,30/2/2020,90,Concluida,Prova,UqekSqgn,34,-
GlizWkoh,30/7/2020,21,Concluida,Prova,IqwiRpth,82,-
VrpqUjit,25/11/2020,98,Concluida,Prova,TotiLwpq,81,-
SahcKshd,25/4/2020,87,Concluida,Prova,JrbkLhxc,55,-
JmrfNoms,10/11/2021,76,Concluida,Prova,NzcbYwju,90,-
PkynOcyc,15/7/2021,33,Concluida,Prova,VqeeGgsd,60,-
LrhuDkge,7/11/2020,64,Concluida,Prova,UbmpOhof,9,-
PyplWoom,27/2/2021,75,Concluida,Prova,GwsdHesj,39,-
MugaFuyv,14/12/2020,45,Concluida,Prova,YleoLnws,68,-
GbgxYjai,11/2/2021,37,Concluida,Prova,GovlGufc,76,-
IewkCruv,22/11/2020,19,Concluida,Prova,GbdcOwkp,84,-
VdqwEdyj,22/12/2020,84,Concluida,Prova,AnqcSysw,93,-
QytuFzod,30/2/2020,12,Concluida,Prova,HtdbChch,59,-
KsibZwod,22/2/2020,57,Concluida,Prova,VsnrWsat,10,-
OjoqOzjo,4/1/2021,25,Concluida,Prova,OufhSbiv,69,-
IihfEigx,7/5/2021,75,Concluida,Prova,LwtmUouh,17,-
FlmwBuex,1/5/2020,19,Concluida,Prova,VsniRiyx,19,-
DfpaKcir,6/10/2021,94,Concluida,Prova,WarmXzpg,17,-
WtgaOtsx,25/6/2021,36,Concluida,Prova,YtiaVeet,71,-
HtngJhyw,29/11/2020,71,Concluida,Prova,HdipZmnd,60,-
GlnrAeyk,16/9/2020,6,Concluida,Prova,TlzoDeml,100,-
VjfzRytn,25/3/2020,90,Concluida,Prova,FbeoGmcq,84,-
GfwjZvjo,3/8/2021,66,Concluida,Prova,KiaqZrwu,68,-
RzewGidm,25/4/2020,66,Concluida,Prova,AzbvVggm,83,-
BxhkRaxg,12/12/2021,63,Concluida,Prova,CyxtQgii,99,-
RiiaQxvx,30/12/2020,59,Concluida,Prova,VwqbBprs,57,-
IwaiFyct,13/2/2021,57,Concluida,Prova,GcujArqc,53,-
CfdfXlth,10/5/2020,15,Concluida,Prova,DaklDiny,6,-
LqatJrtt,10/7/2021,96,Concluida,Prova,BtukBsxm,57,-
BxywDrla,24/4/2020,3,Concluida,Prova,DmkgDmhs,29,-
MtphXkln,12/6/2020,3,Concluida,Prova,CdhzHtfd,37,-
IjcmThmv,11/2/2021,40,Concluida,Prova,VnquYqsk,22,-
OpefJnll,5/4/2020,36,Concluida,Prova,SdamZpmi,85,-
IyguUqhu,28/8/2021,29,Concluida,Prova,EfzpFhjk,86,-
XzyhOgau,6/11/2020,40,Concluida,Prova,VlznYpfu,86,-
JahsDnqi,18/3/2020,82,Concluida,Prova,HatkXmpo,38,-
FngrYlls,14/10/2020,74,Concluida,Prova,QrgvQqmp,2,-
EeptPmui,6/3/2021,76,Concluida,Prova,SlwaYpwi,45,-
NlarXfke,19/6/2020,46,Concluida,Prova,UogfYtbq,12,-
EyvfCkqx,31/10/2021,93,Concluida,Prova,IgzeVmvc,8,-
WqyvWkyg,1/10/2021,70,Concluida,Prova,WfzhExgj,41,-
YlbeMtbe,31/1/2021,25,Concluida,Prova,DipoWwuw,75,-
BgtmYeeq,26/7/2020,80,Concluida,Prova,VtolJopw,85,-
EsauJuri,21/1/2021,79,Concluida,Prova,InemUflf,17,-
XiuxFiik,4/12/2020,28,Concluida,Prova,VorpIfhs,22,-
GraaHhcj,7/3/2020,39,Concluida,Prova,HkmnLlwt,2,-
LysuSflh,16/3/2020,63,Concluida,Prova,DkgeBcsy,51,-
BllrStyw,14/5/2020,47,Concluida,Prova,YlonCokf,90,-
JzrkFgtg,10/6/2021,69,Concluida,Prova,RmnzWvbe,1,-
VrnfNklc,12/9/2020,53,Concluida,Prova,JdixAhdy,83,-
PohiUuuq,31/4/2020,39,Concluida,Prova,XtwwUurt,14,-
ObwcHvzo,8/3/2020,47,Concluida,Prova,MgsbYiyo,58,-
NlatWiis,24/9/2020,76,Concluida,Prova,SkfhTfbm,15,-
EvzvLdjr,0/11/2021,13,Concluida,Prova,VxyiAvox,8,-
DpgbRsrw,10/3/2020,5,Concluida,Prova,MgkxQclw,1,-
WkoaKypr,11/10/2021,60,Concluida,Prova,WxpcPjxx,26,-
RbrlSovq,18/4/2021,41,Concluida,Prova,EhjhFdcz,98,-
VrnyRdkg,5/6/2021,48,Concluida,Prova,ObglWhpk,65,-
RfpzZvyq,12/8/2021,3,Concluida,Prova,RzkkCnag,22,-
IjvgVgfs,25/3/2021,33,Concluida,Prova,RdnwDxtt,79,-
IudiMjqg,29/6/2020,4,Concluida,Prova,JfziDkok,46,-
FvumXmzr,7/6/2021,2,Concluida,Prova,KykrLwgu,48,-
ZxixUmst,30/10/2020,23,Concluida,Prova,XyqaPsuy,62,-
TnjwKipi,14/2/2021,36,Concluida,Prova,RvqyNalz,46,-
ZpgzEexk,8/6/2021,19,Concluida,Prova,PzidRbpk,66,-
MmnkVoci,15/2/2021,87,Concluida,Prova,GanuQlpy,60,-
QutlRepf,9/10/2021,99,Concluida,Prova,WggaIhur,50,-
TsjeTbqf,8/10/2021,43,Concluida,Prova,KsyrSsvk,88,-
IvtnQmzn,31/3/2021,10,Concluida,Prova,AdbfRznn,90,-
YmpkJtoq,27/1/2020,25,Concluida,Prova,ZsorUevk,95,-
RrngXqhf,3/9/2021,14,Concluida,Prova,ArpqRqrl,11,-
ZoyuYofg,11/10/2020,24,Concluida,Prova,BlunFpxb,60,-
EfwnFhqq,30/6/2021,85,Concluida,Prova,TswtNtvt,1,-
XavzIcou,16/12/2020,39,Concluida,Prova,BxrsAvdc,44,-
AcsbZbwf,27/5/2020,63,Concluida,Prova,MxgmWeoz,22,-
OopdBycp,24/11/2021,17,Concluida,Prova,TgrnLohg,57,-
UzqgHjpx,18/6/2020,60,Concluida,Prova,SrzjRzrq,44,-
NcuwAwpq,31/10/2021,71,Concluida,Prova,VlinBxky,26,-
BrkdGata,11/4/2020,64,Concluida,Prova,KkbtSysx,65,-
NjcgOzpm,10/1/2020,43,Concluida,Prova,PkyaFage,45,-
FengTkob,22/11/2021,60,Concluida,Prova,AugdYzit,29,-
OnwjVtvj,27/6/2021,53,Concluida,Prova,BqaeQqso,60,-
ZuybRtvo,16/5/2021,13,Concluida,Prova,JapgBitu,18,-
GpnjXhyh,14/2/2021,41,Concluida,Prova,PdjsWawt,8,-
IrylSacu,28/2/2021,88,Concluida,Prova,BuokNgos,90,-
AdwfGnmo,24/3/2021,24,Concluida,Prova,BkdhAzxk,76,-
LnqqXahi,23/1/2020,79,Concluida,Prova,QemjGsxr,95,-
OnziQkom,14/9/2020,14,Concluida,Prova,AbgkVtoj,15,-
PajiLllc,18/3/2020,18,Concluida,Prova,RomqYncd,6,-
VaqeBccp,11/2/2021,46,Concluida,Prova,JthwHcuv,76,-
TvjkHbhg,24/7/2021,43,Concluida,Prova,XuhyMiyn,77,-
ByhzUsft,3/8/2021,85,Concluida,Prova,XaquIchi,14,-
YhvaIall,7/7/2021,86,Concluida,Prova,PihaMhhr,19,-
HcbjEial,12/9/2021,12,Concluida,Prova,CsmfHtye,59,-
WdhxTzrr,18/8/2021,12,Concluida,Prova,BsdgHuky,19,-
EccfBzdm,14/10/2020,2,Concluida,Prova,IgfkIias,13,-
JmirKwjb,31/5/2021,26,Concluida,Prova,RinwItwb,30,-
DzvdJhje,3/4/2020,40,Concluida,Prova,IvunYowh,81,-
IlumGrja,23/7/2020,11,Concluida,Prova,IkmcDkbn,100,-
SrqbCtxa,5/1/2021,92,Concluida,Prova,FwaaGnud,48,-
GbfmCuut,8/3/2021,42,Concluida,Prova,SqpvNbmf,89,-
AqloHhti,5/3/2021,93,Concluida,Prova,GnfbJyop,44,-
GkvuIapc,12/4/2021,5,Concluida,Prova,PcuhHiuk,91,-
TaviRqwn,3/9/2020,48,Concluida,Prova,WnpzXqic,49,-
PnkdGcqt,12/9/2020,14,Concluida,Prova,UghpFxun,58,-
PiyrOflh,0/12/2021,8,Concluida,Prova,PzuoHwek,95,-
NnchTamn,29/1/2021,84,Concluida,Prova,RwbhUqgt,88,-
TufpLgkm,24/6/2020,52,Concluida,Prova,KgrsIrdw,99,-
JvltEzch,10/8/2021,75,Concluida,Prova,HckqJfrw,38,-
MojyUdzm,23/12/2020,36,Concluida,Prova,LiooLmud,95,-
WlvfAlcv,2/3/2020,30,Concluida,Prova,MsnjOywi,70,-
ApiiYvtr,25/5/2020,35,Concluida,Prova,CyzrSvyt,29,-
EtypSwpb,2/8/2021,25,Concluida,Prova,DxdyQiuc,54,-
ZprtPzxf,18/6/2021,3,Concluida,Prova,CnlaZaco,32,-
QjfjYqjn,21/12/2020,22,Concluida,Prova,NcryCxdt,95,-
AbeaOqct,13/5/2021,58,Concluida,Prova,DjnhSvut,57,-
YjfmRfrg,27/9/2020,80,Concluida,Prova,WgipQmvl,96,-
AkawTlkr,14/1/2021,77,Concluida,Prova,QxvuEdbu,83,-
WqipEvat,8/1/2021,57,Concluida,Prova,FevkIjqx,2,-
KtfgDehl,13/11/2020,82,Concluida,Prova,KnbaRjop,82,-
DodwJjfx,1/11/2021,46,Concluida,Prova,RcbhVpnh,64,-
EtzuCgxk,31/1/2021,35,Concluida,Prova,UoviJpfd,24,-
HjytLzns,29/11/2020,99,Concluida,Prova,PvbtJswo,18,-
CiyeLube,28/11/2021,14,Concluida,Prova,FgqcYoeh,74,-
JliiGfkg,27/6/2020,82,Concluida,Prova,GfrvGeyn,48,-
EwzyCpes,15/3/2020,26,Concluida,Prova,GkslFcsq,73,-
HkdkCktn,17/1/2021,46,Concluida,Prova,HyfpZren,99,-
IbtqUwts,0/12/2020,42,Concluida,Prova,ExzhHezk,53,-
QpkxYbim,11/9/2021,32,Concluida,Prova,EnscUzfv,18,-
PlsrXaig,23/5/2021,86,Concluida,Prova,PplrHqqq,18,-
VfakAdqo,20/9/2021,69,Concluida,Prova,LdlpSckm,85,-
VmdeUvng,30/3/2020,7,Concluida,Prova,WcaaZdqy,55,-
XfapNhfc,1/7/2020,34,Concluida,Prova,WgzbMtht,64,-
EvkpOvjd,14/6/2021,73,Concluida,Prova,VstxZsxg,57,-
PkzaUzno,31/10/2021,97,Concluida,Prova,MitfFnhi,40,-
BxmcPxcm,23/7/2021,47,Concluida,Prova,CzmkWwhm,35,-
OcerPwgs,21/3/2020,75,Concluida,Prova,RyufEiyz,87,-
JyuqXbmj,1/3/2020,90,Concluida,Prova,CrdwGiwx,81,-
MyqbRisk,12/5/2020,12,Concluida,Prova,XcbiKhws,94,-
JqqvPdbm,22/9/2020,23,Concluida,Prova,WnolYqpa,52,-
UetpXzxc,2/10/2021,96,Concluida,Prova,JfzuPkyu,33,-
KeslCkhu,15/1/2021,51,Concluida,Prova,IdlcXxsl,10,-
QkxhPsei,14/11/2021,23,Concluida,Prova,GxpyEbrm,79,-
DupeZtit,2/7/2020,31,Concluida,Prova,WihgTcum,21,-
FlgsExyw,25/7/2021,7,Concluida,Prova,ZekeXoci,93,-
QhmwJjts,4/5/2021,31,Concluida,Prova,IiheQydt,89,-
BxszPogs,9/11/2021,43,Concluida,Prova,SlsyQlsc,11,-
VfzxKzox,22/10/2021,62,Concluida,Prova,StizXbss,44,-
OhjyPvai,30/2/2020,40,Concluida,Prova,HigbAtnz,10,-
NxkqGavu,23/11/2021,77,Concluida,Prova,TeobLssh,36,-
BfpxHphw,21/9/2021,45,Concluida,Prova,KvnuIslm,22,-
EkkhLoop,28/3/2021,43,Concluida,Prova,DbaqUtww,43,-
LnguRuhh,13/9/2020,44,Concluida,Prova,RhgbIlje,79,-
CjanKhuk,5/10/2020,75,Concluida,Prova,RckuQanr,99,-
BwzrCmxu,17/3/2020,55,Concluida,Prova,VultJgiv,41,-
PtfnNijt,22/9/2021,63,Concluida,Prova,OafiRaoo,90,-
RilfLewd,27/12/2021,43,Concluida,Prova,DsnwNzuq,91,-
PpfvMppv,2/3/2020,80,Concluida,Prova,SsppPoeq,20,-
IdviQjjc,11/1/2020,76,Concluida,Prova,QsphZoyr,89,-
ZgbuPrhu,17/12/2020,53,Concluida,Prova,JfmeXyid,73,-
VfuhOgjw,5/9/2020,89,Concluida,Prova,AkpgUnmo,4,-
MjpuGprs,29/10/2020,36,Concluida,Prova,MikyBqod,37,-
LhgpCgwx,4/9/2020,62,Concluida,Prova,AwtzEeyo,62,-
ObsmEjnc,23/2/2021,12,Concluida,Prova,PrbzRwfk,86,-
EmauLpqm,26/5/2021,99,Concluida,Prova,QhxcRtgz,79,-
TeeaOzqt,18/4/2021,81,Concluida,Prova,WbrpExio,30,-
SldoNadk,15/5/2020,71,Concluida,Prova,GbhmCyur,75,-
WgkcDuoi,15/5/2021,5,Concluida,Prova,GrrrAask,23,-
SbnrEzmm,17/9/2021,50,Concluida,Prova,RvqoJqcn,70,-
YrukNrvq,10/5/2020,53,Concluida,Prova,VbauPlfn,14,-
VjokKuhj,13/11/2021,17,Concluida,Prova,LfhaWbiz,23,-
NxbsWrkf,11/3/2020,18,Concluida,Prova,QrgbIxtx,24,-
XppyNfyp,13/3/2020,22,Concluida,Prova,UiptQvca,87,-
VstjCcca,29/12/2020,76,Concluida,Prova,TrrxWbqu,56,-
BsusAmom,19/6/2021,37,Concluida,Prova,ObtdGcsx,59,-
OgudCesm,14/12/2021,9,Concluida,Prova,SaovBedb,56,-
UnubFdtg,27/4/2020,43,Concluida,Prova,ZsffRydz,16,-
QumcFjre,25/7/2020,79,Concluida,Prova,CkgrBunr,87,-
MeemOrph,10/2/2020,40,Concluida,Prova,VgrwCskv,16,-
GzrtWajl,31/10/2021,67,Concluida,Prova,LehxRvfu,95,-
XajdWoat,10/5/2020,77,Concluida,Prova,NxpbGtos,16,-
MfkvCcbo,7/10/2020,43,Concluida,Prova,NmieQjza,34,-
LtodVzsg,13/10/2020,72,Concluida,Prova,PbqjTppr,86,-
QprhPkca,21/1/2020,15,Concluida,Prova,PwdbVcdf,21,-
CfqcDsio,0/5/2021,14,Concluida,Prova,AowoGjoc,12,-
TttrJuqm,17/6/2021,71,Concluida,Prova,GzkbOwrk,23,-
PvwzJtbn,18/9/2020,4,Concluida,Prova,UehbGkya,56,-
SansFulu,8/8/2021,62,Concluida,Prova,WasyFdpd,81,-
UpchEpva,10/9/2020,38,Concluida,Prova,VizrIrfs,85,-
TvebNajk,12/10/2020,32,Concluida,Prova,QdmvDqtj,18,-
KaufHvva,3/10/2021,59,Concluida,Prova,PazmQvrv,38,-
TlfeTmuq,26/4/2021,94,Concluida,Prova,HucpOvau,64,-
RcclPorq,29/4/2020,1,Concluida,Prova,EoxcChwn,56,-
SlwmGtwr,22/3/2020,60,Concluida,Prova,FxwlLlgz,5,-
IioyHedt,30/1/2020,79,Concluida,Prova,BypgIfhy,75,-
XjxoYnov,19/11/2020,41,Concluida,Prova,WcwuRvgu,86,-
SxvyWnot,15/12/2021,34,Concluida,Prova,JrmqBdux,62,-
CagnIteo,25/3/2020,26,Concluida,Prova,KbdyVvas,26,-
SdjoMpop,26/9/2020,49,Concluida,Prova,PjlgTfys,99,-
VmuzVvna,11/11/2020,81,Concluida,Prova,KyqfJpyu,98,-
OoyeHtrf,24/7/2021,34,Concluida,Prova,OwfxPefo,22,-
DrxiFcmr,31/12/2020,76,Concluida,Prova,LxpvEgxq,97,-
YbnxXgsm,31/3/2020,56,Concluida,Prova,DhuxSvvg,14,-
AzkcEeak,26/9/2021,11,Concluida,Prova,GgeaUedp,47,-
CqgwWvpi,6/11/2020,11,Concluida,Prova,MejxNwco,48,-
QrogNcuu,19/9/2021,38,Concluida,Prova,OrxxQakw,67,-
VifxFugs,10/11/2020,65,Concluida,Prova,GgnpIoen,56,-
YvooQrec,4/12/2020,38,Concluida,Prova,ItuuBjsv,83,-
EqafDoxt,14/2/2021,66,Concluida,Prova,ZtvzRzep,42,-
CnjfYmvc,17/12/2020,40,Concluida,Prova,KpahOyud,86,-
NwuxFjzd,31/9/2020,94,Concluida,Prova,BxdjPiug,30,-
JrxrKtfc,27/12/2021,41,Concluida,Prova,OatzXltx,63,-
OnsjKhkb,3/4/2021,44,Concluida,Prova,JqccHepn,64,-
ZjxcFqqn,0/11/2020,71,Concluida,Prova,GkqfSrmt,7,-
TlxyFhvk,23/8/2020,63,Concluida,Prova,XjdsMpsa,90,-
OqguOkjs,5/10/2021,10,Concluida,Prova,SjeyEjoa,72,-
OojgPise,31/8/2020,13,Concluida,Prova,IxwyJnhu,1,-
ObqjIlva,15/10/2021,76,Concluida,Prova,PgmhFzxf,61,-
GhfkOmru,4/8/2021,72,Concluida,Prova,YxgvShog,93,-
LyxgBgka,3/12/2020,9,Concluida,Prova,WuvfRmwz,98,-
CrueMobt,24/6/2020,35,Concluida,Prova,QelgJbwe,25,-
RuxcCqxe,28/11/2021,47,Concluida,Prova,NepeUknu,90,-
VygbGjqp,9/2/2020,27,Concluida,Prova,XmaqKese,81,-
FdzwGggu,0/9/2021,51,Concluida,Prova,ElqySjyf,76,-
CpmjZfog,10/3/2021,8,Concluida,Prova,DvlvVrol,14,-
GvofEfqb,19/3/2021,21,Concluida,Prova,JduqAgxr,80,-
YjbrGocj,17/10/2021,19,Concluida,Prova,BcmfXrwc,75,-
TghyHebr,14/11/2021,47,Concluida,Prova,EskpWxyb,19,-
QfdfDcpp,20/12/2020,68,Concluida,Prova,XydnKywu,35,-
UsnzHeke,22/3/2021,18,Concluida,Prova,JumcInpi,33,-
BlxtHdmv,15/12/2020,38,Concluida,Prova,DhqyQiyz,56,-
DylnFmfs,14/12/2021,24,Concluida,Prova,TdnxEkky,89,-
HzbmDotq,2/6/2020,24,Concluida,Prova,LgjcGplc,28,-
SkxoXvoi,25/2/2020,38,Concluida,Prova,RusoMuqs,11,-
XwbxVrzb,1/10/2021,25,Concluida,Prova,HasuDbay,58,-
ZwtcEchw,8/2/2021,61,Concluida,Prova,QyilTjtm,83,-
WshtJjxn,1/3/2020,42,Concluida,Prova,XjcpVrpw,65,-
UqfgJxig,25/9/2021,32,Concluida,Prova,PsilDcil,40,-
FwziRhqp,2/5/2020,36,Concluida,Prova,SyjzUywq,40,-
UehzQmag,8/4/2021,96,Concluida,Prova,KxstNcjf,46,-
KibmYxps,5/7/2020,63,Concluida,Prova,BnjjOfqz,79,-
HmypQxrz,14/8/2020,30,Concluida,Prova,PtapMccg,46,-
EytxVyxv,24/2/2020,57,Concluida,Prova,EvneGauf,88,-
ZuccYrbd,21/1/2021,88,Concluida,Prova,DtmhDxbr,75,-
NqkfFptn,24/12/2020,24,Concluida,Prova,LdwtQpml,14,-
VnytHgad,11/7/2020,5,Concluida,Prova,PfjyTmwp,85,-
BvtbQmyx,8/1/2020,26,Concluida,Prova,IathZrng,55,-
CzapMqsz,13/7/2021,23,Concluida,Prova,YqmgUldq,77,-
JtufWaca,1/11/2020,52,Concluida,Prova,PjdqRpqt,69,-
MxheVyih,4/3/2021,18,Concluida,Prova,XjojThqs,92,-
XyziWhmk,11/7/2020,43,Concluida,Prova,YzllJyda,88,-
RcheRcyd,2/9/2020,58,Concluida,Prova,QhmgMyju,7,-
XgutEjoo,1/9/2021,16,Concluida,Prova,QcynHlfy,55,-
KtcvGvsr,24/2/2021,18,Concluida,Prova,OacrZywz,8,-
IhuhCtez,16/2/2020,39,Concluida,Prova,TtvkXrdf,26,-
LjhyNhod,8/9/2021,35,Concluida,Prova,AooxPccf,27,-
NfttRjrn,5/2/2021,30,Concluida,Prova,QsdyZexo,57,-
LoaeQrsv,7/4/2020,47,Concluida,Prova,FrsrCepl,52,-
GuvtYpvq,22/5/2021,55,Concluida,Prova,PeizLjmi,94,-
LnieLmtv,30/9/2020,62,Concluida,Prova,SkfaKwif,11,-
MbbsGegg,16/11/2020,3,Concluida,Prova,HgahYgwu,45,-
OusfRzbd,28/7/2020,88,Concluida,Prova,ZcxjMtak,90,-
AyhdSxkj,7/1/2021,24,Concluida,Prova,AmjtYypr,5,-
AghtQugc,24/4/2020,47,Concluida,Prova,PipqTytd,60,-
IbgsLzgm,21/10/2020,23,Concluida,Prova,ShinGmdi,12,-
IlxtJgae,24/5/2021,46,Concluida,Prova,NqjoLqzw,6,-
MkutRnth,1/11/2021,36,Concluida,Prova,XgmpNqus,42,-
PeweBchv,7/2/2021,53,Concluida,Prova,DjwlFbyp,65,-
QyokMntm,16/11/2020,12,Concluida,Prova,VvwwSlha,84,-
EronXhol,13/1/2020,8,Concluida,Prova,KikpYhjn,82,-
FfcaJmac,9/12/2021,17,Concluida,Prova,LjkjYeow,14,-
RqnrMavr,10/5/2020,75,Concluida,Prova,NcixBdov,2,-
YxzlQpqt,27/5/2021,4,Concluida,Prova,JnujOdjq,71,-
UjyuLajn,7/6/2021,59,Concluida,Prova,XqjmNgbj,3,-
NtgyXfuf,3/9/2020,11,Concluida,Prova,VxugXoni,91,-
JjilTokg,31/10/2020,99,Concluida,Prova,WyuyMjod,63,-
KmqkRubp,16/3/2020,68,Concluida,Prova,IvvcZvzq,51,-
XjpmVdgv,2/8/2020,82,Concluida,Prova,ErauDbuq,70,-
DryjQjws,8/10/2021,64,Concluida,Prova,JrrvJwav,64,-
RnydGrht,8/12/2021,9,Concluida,Prova,IjgxRgse,97,-
GmveJnfg,21/12/2020,8,Concluida,Prova,BlthOpcz,72,-
JzkoLkyf,16/5/2021,9,Concluida,Prova,OncqLjui,25,-
OiyfMmvg,3/6/2021,73,Concluida,Prova,SzirIihc,41,-
QasdGkks,20/10/2021,25,Concluida,Prova,XtcfVagb,70,-
UurlUmor,14/1/2021,72,Concluida,Prova,XbdfMseu,12,-
LvvuGmvh,14/3/2021,17,Concluida,Prova,ToakAfca,78,-
RvmvOtmo,30/11/2020,20,Concluida,Prova,YjabTjjc,63,-
CalaLqmg,21/1/2020,4,Concluida,Prova,IbteMzgl,45,-
NrfgWlun,27/11/2020,6,Concluida,Prova,TfkjAthn,21,-
EucaDrob,1/4/2021,64,Concluida,Prova,VtfhGhhl,11,-
UmulPfgu,0/7/2021,66,Concluida,Prova,HghaYwtm,82,-
BjydJbul,14/7/2020,37,Concluida,Prova,OkdaWsip,2,-
IiybRqrx,0/9/2021,63,Concluida,Prova,JbrdOaxs,33,-
SrphGrjw,3/7/2020,2,Concluida,Prova,PsplZfvb,46,-
ZlsyHkab,14/11/2020,63,Concluida,Prova,YkgeHhkm,96,-
SpxtGdim,19/3/2021,5,Concluida,Prova,VfauAnvg,57,-
ZbfhBwhi,0/1/2020,57,Concluida,Prova,FxzyClph,58,-
AsgfAcei,29/1/2021,80,Concluida,Prova,BambDsbj,24,-
RqnbJdaw,24/7/2021,46,Concluida,Prova,BatdQmbg,89,-
TuhcZulf,15/7/2020,49,Concluida,Prova,NiioRdnv,47,-
IherBars,24/10/2021,66,Concluida,Prova,DwfuBxvd,2,-
MjuwGrxf,30/6/2020,8,Concluida,Prova,XkkcVyad,26,-
YdbuAted,2/6/2021,53,Concluida,Prova,SxifZmni,77,-
AgcnGdpv,7/1/2020,7,Concluida,Prova,AczaDjhh,28,-
HlojKmyh,28/2/2021,58,Concluida,Prova,FkhiAxmd,27,-
CjxuOkjp,28/2/2020,40,Concluida,Prova,RxusHhxk,43,-
XwxuTzie,12/12/2021,28,Concluida,Prova,IrpmBmsf,51,-
SgvgHpoy,10/12/2021,60,Concluida,Prova,YnrhQvoi,97,-
ZetbTmyv,8/9/2020,29,Concluida,Prova,VwciUost,100,-
UbmoJtfw,14/4/2020,75,Concluida,Prova,YfrpGqbk,63,-
BervOskt,18/6/2020,22,Concluida,Prova,BuzoYrin,70,-
LcnmYciv,14/5/2021,73,Concluida,Prova,NsnvKxzq,89,-
JaycCukn,20/8/2020,11,Concluida,Prova,UlwbDmpq,6,-
EhbhRard,19/6/2020,64,Concluida,Prova,MbrwXers,9,-
GaqvUfkt,8/10/2020,91,Concluida,Prova,XqksWmlg,11,-
PhleCrkn,27/2/2021,33,Concluida,Prova,MnxvIjpu,40,-
SqzhJmiz,25/6/2021,76,Concluida,Prova,LhdxBswz,69,-
OpgfAgkt,26/4/2021,54,Concluida,Prova,AimxTrmd,2,-
McqqHvue,23/6/2021,50,Concluida,Prova,CwibCjim,62,-
VyobGivn,14/4/2020,72,Concluida,Prova,JozoGhbb,48,-
BketMrol,11/11/2021,81,Concluida,Prova,UdtdKfcf,19,-
ApupChdk,10/1/2021,59,Concluida,Prova,FcrdNfck,67,-
XhakAqio,23/8/2021,30,Concluida,Prova,UpjxVqwm,96,-
SqibVkgb,26/12/2021,10,Concluida,Prova,BpezNjuf,74,-
PzjmMryb,4/7/2020,39,Concluida,Prova,FvwyOeli,65,-
ZkbuKfxd,16/7/2020,69,Concluida,Prova,PszxBfxv,50,-
BakfGpwp,23/11/2020,83,Concluida,Prova,VrmuAxge,93,-
QqamHoli,26/5/2020,13,Concluida,Prova,BrmhOcle,76,-
MvoyZozn,3/6/2021,1,Concluida,Prova,ZjmoNkab,24,-
PjgzXmym,29/3/2020,55,Concluida,Prova,HoqvBwjb,59,-
NnqlNxjk,11/6/2021,25,Concluida,Prova,EmyyKfyh,31,-
EtczZgon,12/7/2020,23,Concluida,Prova,FzkhCycy,58,-
DzwbZvhb,6/3/2020,89,Concluida,Prova,UbleBbmn,85,-
XbxuGztp,29/1/2021,19,Concluida,Prova,PowpPbuf,42,-
UqcmHrow,5/2/2021,86,Concluida,Prova,SbysMzms,82,-
KdmyHukt,17/7/2021,35,Concluida,Prova,WvyzNujr,44,-
HbjtFaue,5/8/2020,36,Concluida,Prova,QinkAyrs,80,-
OobfWcbl,13/4/2021,83,Concluida,Prova,SvglIbzm,48,-
TwrpIfif,22/3/2020,93,Concluida,Prova,JmacRamu,35,-
EqwnBaed,13/12/2021,82,Concluida,Prova,NaytTkvj,74,-
XizcShrc,3/8/2021,70,Concluida,Prova,CodjWimy,9,-
HqgkWwxi,20/3/2021,77,Concluida,Prova,DvhzWlzo,6,-
ZwldTsww,7/2/2021,73,Concluida,Prova,IatjYbqt,20,-
NucjGjzy,29/3/2021,44,Concluida,Prova,FwyzSgaz,75,-
VfhcFmhi,22/10/2020,49,Concluida,Prova,YutvJzlu,20,-
ApqyKdzf,25/9/2020,23,Concluida,Prova,KojuIkbh,80,-
TnchKpkw,29/12/2021,80,Concluida,Prova,RnxuXxsz,83,-
HwqdFkcs,3/7/2020,85,Concluida,Prova,McgfRzyv,33,-
QxalQcfj,20/1/2020,26,Concluida,Prova,RuopZwpe,98,-
OmrgVnae,4/3/2021,94,Concluida,Prova,VwbqSsul,74,-
ItwgWznp,12/9/2020,56,Concluida,Prova,GpmfEdlq,2,-
LxpuPuku,25/8/2020,19,Concluida,Prova,TrgnXbwb,55,-
OsqlPwjs,4/8/2021,16,Concluida,Prova,XromXfhb,70,-
HwuhYgdw,5/2/2021,64,Concluida,Prova,AxpfWiuf,73,-
MekeFijy,15/7/2020,95,Concluida,Prova,KzwxTpqa,60,-
PbdeZral,8/5/2020,42,Concluida,Prova,EcjkHmqd,48,-
QradGcds,17/8/2020,12,Concluida,Prova,ZmutXdwb,24,-
BmvdJgqj,19/2/2020,30,Concluida,Prova,FkbiEauh,13,-
OpnvIeuf,24/5/2020,24,Concluida,Prova,OhycEfmy,30,-
LkbdTdxg,9/9/2021,72,Concluida,Prova,DfkwAnfh,82,-
WvlsEnuq,24/4/2020,58,Concluida,Prova,HjcqLoea,91,-
UqosZjzi,8/6/2020,86,Concluida,Prova,IrorSvxc,51,-
HbygUxtj,11/3/2021,46,Concluida,Prova,YitcXaxg,92,-
SmkoEevs,3/9/2021,31,Concluida,Prova,PdfsXhlz,69,-
YuoyUfvk,0/3/2021,96,Concluida,Prova,KxrsVmnl,13,-
GatmBesc,20/3/2021,90,Concluida,Prova,XhmcUxsd,61,-
PazaEvet,15/9/2021,98,Concluida,Prova,HsxoXlnj,6,-
YyphRnsh,10/3/2021,40,Concluida,Prova,XpmpJaoe,78,-
RskiRvcc,7/7/2020,82,Concluida,Prova,FoaaQtqf,15,-
ZlugZzap,13/12/2021,77,Concluida,Prova,XnueXiws,34,-
ZceeNwww,15/11/2021,51,Concluida,Prova,UwwzNaov,43,-
FzdaEwym,17/2/2021,95,Concluida,Prova,YovaCesy,86,-
BtrtWvbd,30/6/2020,18,Concluida,Prova,IwkpUsvy,36,-
WwxpBhjg,29/4/2020,56,Concluida,Prova,LphxDegy,69,-
PgahZttx,5/6/2021,88,Concluida,Prova,NrefBlyd,63,-
TapeWgxa,28/12/2020,13,Concluida,Prova,AgjgBklr,27,-
WzfzGxqq,6/1/2020,54,Concluida,Prova,IrbwXtbs,43,-
AuhmCyxu,31/7/2020,46,Concluida,Prova,RzmcJgqg,6,-
NexvBawo,9/8/2021,7,Concluida,Prova,PjkpPznf,87,-
SkrnZdiu,26/11/2021,10,Concluida,Prova,TmtsNqbz,49,-
IwmoJkpw,18/4/2021,19,Concluida,Prova,YwnqFpsy,58,-
PifsIczs,4/7/2020,6,Concluida,Prova,BhioAwlz,48,-
ObzvSacf,20/2/2021,19,Concluida,Prova,OijjOkvd,99,-
GubwLsbw,2/2/2021,44,Concluida,Prova,UjaoPxif,14,-
WdutIemi,22/6/2020,23,Concluida,Prova,WziyKkgi,58,-
NytwJgnk,12/5/2020,50,Concluida,Prova,OlmxAkvj,41,-
QuhwToix,2/1/2021,65,Concluida,Prova,KfubCehu,77,-
IiifUkmy,19/11/2021,72,Concluida,Prova,IeynXtmz,86,-
WxzmNqgf,28/8/2020,21,Concluida,Prova,XesqXrqk,93,-
IwnpKhvk,5/9/2020,75,Concluida,Prova,WkriXnpn,48,-
CtuyOrhw,23/4/2021,89,Concluida,Prova,XylgXixm,64,-
YtiwWjzm,28/3/2020,81,Concluida,Prova,HxlsZjgc,14,-
PnyfNqah,0/1/2021,2,Concluida,Prova,ZxjgOhzq,90,-
NnfyHrjg,19/7/2021,17,Concluida,Prova,TzkxDquj,70,-
CbjvIzix,9/6/2021,64,Concluida,Prova,XrykPrkc,91,-
VwauQsva,14/2/2021,43,Concluida,Prova,DlfjCmxl,17,-
AypkQati,23/3/2020,19,Concluida,Prova,DgpvJkwm,47,-
IhhnVdys,10/8/2021,1,Concluida,Prova,FdmvFrjp,33,-
LcpsIjwv,21/1/2020,71,Concluida,Prova,EwebQkae,39,-
YopxQive,21/12/2020,84,Concluida,Prova,MfojFymh,41,-
CcpyBdiy,27/2/2021,14,Concluida,Prova,YrosOpjb,7,-
TiwwYlsb,24/3/2020,17,Concluida,Prova,EtfgKyqx,31,-
JljwRwrq,17/7/2021,74,Concluida,Prova,YbgcRiwz,44,-
ObkrFtmu,7/3/2021,30,Concluida,Prova,JovpBmao,67,-
HhooYzxo,28/9/2021,37,Concluida,Prova,BmsnXxht,76,-
NtdtUets,23/4/2021,22,Concluida,Prova,WdgxDayi,38,-
NnmySpta,24/6/2020,100,Concluida,Prova,IjcbWxhb,2,-
CtwsVeqs,29/12/2020,39,Concluida,Prova,RefoAltt,38,-
JmtjDsma,26/8/2021,31,Concluida,Prova,IrnnQmxh,16,-
AmkzWngb,13/12/2020,90,Concluida,Prova,YbcsFamg,17,-
NwzwZrsk,27/9/2021,17,Concluida,Prova,NignKgqr,23,-
OdevDlzu,15/6/2020,25,Concluida,Prova,PzfxNkhh,36,-
FedjCohz,31/7/2021,7,Concluida,Prova,TzzfMbmg,10,-
ItzrZeue,23/7/2021,8,Concluida,Prova,JfvnDaqu,65,-
QcsbCfxy,28/11/2021,86,Concluida,Prova,FmjjBxzc,22,-
FafxDswd,15/8/2020,78,Concluida,Prova,TnebDgqv,26,-
QmezQpzs,12/7/2021,45,Concluida,Prova,XzjfZxiv,59,-
VhbgCcfz,12/5/2020,63,Concluida,Prova,GpsaGshb,31,-
DzmeEoqd,18/1/2020,97,Concluida,Prova,PacmIywl,60,-
JdicMddl,18/1/2020,74,Concluida,Prova,PoodXddf,58,-
ScwdNavr,4/11/2021,5,Concluida,Prova,DlpgPiar,92,-
FwjmXcsc,21/7/2020,93,Concluida,Prova,AqrlKfvt,95,-
FhjcTczd,1/1/2020,91,Concluida,Prova,HnrqTiuw,97,-
PnzzFxet,11/5/2021,86,Concluida,Prova,RtqiHwpr,62,-
KqapNoax,31/2/2021,73,Concluida,Prova,YjdkEiok,12,-
RjasHwyz,5/7/2021,30,Concluida,Prova,YtnmRzsz,20,-
QvxbGqnf,17/3/2020,13,Concluida,Prova,TlrvLnsb,72,-
HzvcMrle,8/9/2021,100,Concluida,Prova,RmteUzoj,49,-
MlqdUmgi,4/9/2020,7,Concluida,Prova,HsjoQrew,6,-
LlbcZyoi,11/4/2021,59,Concluida,Prova,OhlcTfaa,69,-
JcidSjwn,4/9/2020,16,Concluida,Prova,YanhBuky,9,-
OjrkSqss,26/5/2020,10,Concluida,Prova,VhhdAjan,81,-
YbjzDmhn,18/3/2020,20,Concluida,Prova,EeiwWaro,15,-
HjzlTevt,24/3/2020,93,Concluida,Prova,FldoGfll,9,-
EtpmKcvi,20/3/2020,70,Concluida,Prova,PcmzNtme,30,-
BlpwSman,23/9/2021,80,Concluida,Prova,YajyNnpg,83,-
GeeuBqyd,20/7/2021,30,Concluida,Prova,RyxlJjkv,18,-
HmxrPlsn,21/1/2020,99,Concluida,Prova,DanxEhig,67,-
XwszDebm,17/5/2021,92,Concluida,Prova,FkovOpou,58,-
KvjxGifc,25/4/2021,73,Concluida,Prova,AgubExni,95,-
AhrsSpha,14/6/2020,72,Concluida,Prova,VydtIbrs,23,-
CwkoYuus,30/3/2020,83,Concluida,Prova,GyqxOrgp,61,-
RdcjHjpu,10/1/2020,47,Concluida,Prova,YjosFngr,2,-
XjtkOawu,28/10/2021,51,Concluida,Prova,RfltCigg,99,-
NrnyPmva,20/8/2021,47,Concluida,Prova,KyqzYcta,19,-
YeoaMeau,27/12/2021,1,Concluida,Prova,PwbgSqgb,42,-
UqubPpgz,20/7/2021,85,Concluida,Prova,GcylEpst,50,-
YhicHjtl,26/1/2021,59,Concluida,Prova,ZxwmAvbd,50,-
HvmyXvdp,17/2/2021,49,Concluida,Prova,TsauPvib,18,-
HapfHwdt,5/6/2020,79,Concluida,Prova,VhnySnkn,89,-
QganQjds,21/8/2020,2,Concluida,Prova,YjurUrjg,72,-
TvknTeos,26/5/2020,90,Concluida,Prova,LbghSbnm,78,-
TetaMgep,31/11/2021,92,Concluida,Prova,HzwbHllt,83,-
OeezCcln,17/7/2021,30,Concluida,Prova,KuioUrap,30,-
JvfqLxqx,13/10/2021,100,Concluida,Prova,TabiLtee,33,-
AhkdPyfy,30/1/2020,99,Concluida,Prova,QkolQajs,20,-
RyvaTufo,4/4/2020,29,Concluida,Prova,RfzjHkfe,72,-
JvfdSlsv,11/5/2021,78,Concluida,Prova,HviqLbjk,46,-
EizsRgrd,13/5/2021,61,Concluida,Prova,WnolOuro,88,-
PfcbZfok,18/6/2021,31,Concluida,Prova,JkjhEbsw,78,-
EwekQnbp,20/3/2020,76,Concluida,Prova,LmocFvup,36,-
TapvIzpt,20/8/2021,100,Concluida,Prova,GbejEbiz,27,-
NhbdKrhi,3/6/2021,84,Concluida,Prova,QadnJrtc,85,-
RzdoHioa,8/7/2021,79,Concluida,Prova,ZpgqAinv,44,-
RshuCemp,12/9/2021,29,Concluida,Prova,SaebOfav,82,-
GyhtCcrz,27/11/2020,18,Concluida,Prova,JviwQmkh,74,-
AhkzYzil,11/2/2021,19,Concluida,Prova,DallXdtv,75,-
KcwgNjzu,6/12/2021,33,Concluida,Prova,GcblWpya,36,-
KvxyXthv,1/8/2020,80,Concluida,Prova,AujlJles,100,-
CbkpImxe,11/10/2020,13,Concluida,Prova,YdihAogc,39,-
HoetPelf,9/9/2020,31,Concluida,Prova,KoboMvbo,79,-
EeanZjow,19/4/2021,98,Concluida,Prova,KkjrRooo,21,-
JrimSxvg,12/1/2021,6,Concluida,Prova,QaqcAphh,83,-
CiafSydf,20/3/2021,19,Concluida,Prova,ZjkdCcaq,25,-
XcvvLnig,29/5/2020,66,Concluida,Prova,PmgdIpzp,24,-
MsuzSliw,10/3/2021,91,Concluida,Prova,UkyqDynx,48,-
BwoqTnic,21/7/2020,29,Concluida,Prova,FsanUyeq,42,-
QdcqLeys,3/1/2021,80,Concluida,Prova,EbahBlhv,82,-
FtcyIqer,27/10/2021,30,Concluida,Prova,UuahHiqw,62,-
VzbhHgpj,18/10/2020,14,Concluida,Prova,VcctNzts,12,-
CkwzAhxd,15/8/2021,98,Concluida,Prova,ItmvGgqr,2,-
UoljIfin,30/1/2021,72,Concluida,Prova,NslaChlv,16,-
KqotEmtu,18/2/2021,78,Concluida,Prova,YfahJjpc,58,-
OokrAqjf,6/12/2020,52,Concluida,Prova,OsfpRgvm,63,-
ZhroBdjv,23/9/2021,25,Concluida,Prova,LvpoJvlq,93,-
CzpvLfrn,3/4/2021,92,Concluida,Prova,AzmyTyml,83,-
RtyjSkcv,18/7/2021,49,Concluida,Prova,LvzrPpwp,59,-
GechRhha,28/9/2021,19,Concluida,Prova,LhzqPyub,23,-
EgqxPvoc,15/7/2020,29,Concluida,Prova,NlwhBnnf,4,-
FxefRwrk,29/3/2021,22,Concluida,Prova,FegnYhur,10,-
CmmvEhec,20/7/2020,65,Concluida,Prova,CtaxZjfv,63,-
VadsNhln,26/6/2020,68,Concluida,Prova,MhyfFxwq,61,-
TcfwRria,15/3/2020,70,Concluida,Prova,XeuaOqom,94,-
DtxiOges,21/3/2021,72,Concluida,Prova,FqwwCtai,61,-
QgvoYdyz,22/7/2021,31,Concluida,Prova,VgqhPbfx,3,-
UpusLvjc,11/3/2020,91,Concluida,Prova,KhalLqfv,19,-
IqpmNwxc,3/4/2021,37,Concluida,Prova,CezpUaex,77,-
JpnyOdog,26/9/2021,42,Concluida,Prova,VeikZusu,70,-
TnxdAlpl,8/1/2021,76,Concluida,Prova,UluzQjtb,100,-
SmrdFyra,20/11/2020,61,Concluida,Prova,KjtsYujl,50,-
SzxiWiho,0/4/2020,69,Concluida,Prova,JqvuHsol,55,-
OhsnEarr,10/11/2021,25,Concluida,Prova,HuspOqih,60,-
SdivRuyy,2/6/2021,69,Concluida,Prova,VjvzSnbf,19,-
QbtwMudq,12/11/2021,97,Concluida,Prova,IfuiKgtk,82,-
NcmcBbdn,30/1/2020,41,Concluida,Prova,BpfiUpff,20,-
ImvjEuzp,28/10/2021,24,Concluida,Prova,TxtiGdlm,18,-
IelrTrnh,28/10/2021,78,Concluida,Prova,QywwSlst,26,-
GmuuOphe,8/4/2021,90,Concluida,Prova,MdfvKczy,63,-
RaqtWowc,14/5/2020,17,Concluida,Prova,BmkxQdkm,77,-
CbwqMino,31/1/2021,46,Concluida,Prova,MenzTern,22,-
BpdeVmjx,11/7/2021,78,Concluida,Prova,FdcePubm,54,-
FlbmKcly,4/3/2021,8,Concluida,Prova,LsyfRupc,61,-
EwgnDthg,18/2/2020,77,Concluida,Prova,ZgudTmjc,19,-
IdnuFsis,14/3/2021,26,Concluida,Prova,KiwvXtpd,64,-
WjhjIska,17/9/2020,11,Concluida,Prova,NeffSdqt,76,-
NyhfIdga,28/1/2021,95,Concluida,Prova,ThhjWkwx,65,-
AjtxJmxa,17/11/2021,21,Concluida,Prova,CanlBplw,28,-
OkiySyec,17/4/2020,11,Concluida,Prova,KhthFrmp,64,-
VzpnKzca,21/2/2021,1,Concluida,Prova,YwrxLmgz,3,-
WwohZpfy,15/11/2020,57,Concluida,Prova,GglkZquy,87,-
RhlbBvrq,9/3/2020,76,Concluida,Prova,GhpyGpbr,40,-
JxhnBrgl,9/5/2021,77,Concluida,Prova,FhsuHwoz,50,-
AjtdFkzb,7/5/2021,42,Concluida,Prova,MjmrRfuc,53,-
AsmxGegz,8/10/2020,75,Concluida,Prova,XtcxCdsd,39,-
VqeoHonb,9/11/2021,19,Concluida,Prova,KdpfIcez,63,-
IwqjKlvc,15/2/2021,49,Concluida,Prova,WsafXxls,53,-
NllmCqzg,7/1/2020,34,Concluida,Prova,LhrkLvup,8,-
AfgzGrjy,15/4/2020,41,Concluida,Prova,TgueDhqy,10,-
KvafXscx,24/11/2020,39,Concluida,Prova,DroxWepl,40,-
CtzgGqex,7/7/2020,60,Concluida,Prova,UcbwOcrz,91,-
VizyYlwi,11/2/2020,2,Concluida,Prova,OyhfRbiv,51,-
PxnnNkhz,27/11/2020,74,Concluida,Prova,DlakFpvl,1,-
CspwLzhg,28/7/2021,7,Concluida,Prova,YuvqRxhx,77,-
DkwtMbbm,13/6/2020,48,Concluida,Prova,VvhzLxyz,51,-
XmoqZzry,31/6/2021,2,Concluida,Prova,JcjkTasa,12,-
ClahNjuc,17/8/2020,9,Concluida,Prova,NnfoSnza,82,-
YjtyAgtt,12/9/2020,80,Concluida,Prova,OljpGisz,38,-
NvoaIrlp,1/12/2021,4,Concluida,Prova,KllaEsyy,85,-
TinzRquo,26/3/2021,74,Concluida,Prova,ZuwhDsma,75,-
KldoCjve,21/12/2020,88,Concluida,Prova,FjccOqpn,83,-
LjphXefc,28/5/2020,69,Concluida,Prova,PuyxVvrc,39,-
UvujHwol,23/5/2021,37,Concluida,Prova,LeniJygc,18,-
TyefLpjh,13/5/2021,63,Concluida,Prova,NbkbOydn,86,-
TzwyIxci,19/6/2020,84,Concluida,Prova,IaldIzhf,55,-
IdryIdcj,9/4/2021,35,Concluida,Prova,GiyjFgrf,31,-
PqmoUyiu,23/6/2020,2,Concluida,Prova,QiwqUnat,85,-
IcqcWgrn,18/9/2021,59,Concluida,Prova,UtcvWoph,62,-
AgbdZwtu,31/4/2021,8,Concluida,Prova,YxglXsrc,22,-
DotxDime,21/11/2021,30,Concluida,Prova,DxayPygs,56,-
VqmfDsli,10/1/2021,19,Concluida,Prova,VjrpUoby,30,-
HdgnEdnm,26/10/2021,91,Concluida,Prova,OnrvFtit,19,-
ZcsgZthl,18/4/2020,34,Concluida,Prova,OpbrIxba,15,-
MfhpKjdx,18/6/2020,94,Concluida,Prova,DctbWszp,60,-
XlzoYort,19/2/2021,35,Concluida,Prova,PlpvWpyg,81,-
TvapHopm,12/5/2020,21,Concluida,Prova,ZxihScxb,66,-
RecnPmbt,29/2/2020,21,Concluida,Prova,YgvcXmgy,71,-
GfckMdcj,23/7/2021,3,Concluida,Prova,WnwqDlms,17,-
BpkiNvwl,0/7/2020,74,Concluida,Prova,KijiMaov,54,-
PclqEtao,20/11/2020,13,Concluida,Prova,RibhUgsj,80,-
FlhqZwre,16/9/2020,72,Concluida,Prova,EgybEycq,29,-
FxehKfcp,0/8/2020,99,Concluida,Prova,EgggGatk,38,-
AuzuGtzy,7/12/2020,14,Concluida,Prova,OppuVrrb,12,-
PecfNvwt,13/4/2020,32,Concluida,Prova,UzvpGotv,52,-
QehrWvek,19/2/2021,9,Concluida,Prova,AkegRzla,40,-
OernEgid,25/5/2021,16,Concluida,Prova,ErwbRfqc,93,-
PxrpWwdr,6/9/2021,1,Concluida,Prova,UevpMhau,55,-
SghzFxzw,26/12/2020,97,Concluida,Prova,OqpxOnox,79,-
HlerNzul,2/5/2021,42,Concluida,Prova,LzgaJssb,22,-
LlisFgjh,16/12/2020,39,Concluida,Prova,LdpgAkff,63,-
KevpJmtl,7/2/2020,65,Concluida,Prova,CidvNwgd,4,-
EaiuAvgp,29/3/2021,66,Concluida,Prova,OorzSqye,93,-
QataMrux,11/3/2021,89,Concluida,Prova,YugcSjws,97,-
BkodWttn,30/10/2021,97,Concluida,Prova,FkjuOhoe,80,-
BnbzUytf,14/11/2020,43,Concluida,Prova,EabqYhcu,9,-
JtbgMlaq,7/3/2020,75,Concluida,Prova,HkwjEocp,21,-
ZnadCvmr,31/9/2020,70,Concluida,Prova,IbsnUfza,55,-
GfuhAqff,10/1/2020,96,Concluida,Prova,QvzwEmgi,33,-
IyeyYsgt,26/3/2020,50,Concluida,Prova,QoyvAppt,44,-
OvynVbzw,18/2/2021,68,Concluida,Prova,PtslRmku,21,-
JoklBqqz,20/2/2021,16,Concluida,Prova,RfzdMplq,14,-
ZcelHpjm,4/9/2021,72,Concluida,Prova,LcqxSafh,95,-
PrecAank,21/12/2021,75,Concluida,Prova,DxahUjck,97,-
YerpZjsz,9/11/2020,12,Concluida,Prova,IvtpHhty,17,-
IcaoXdap,8/3/2021,82,Concluida,Prova,HpscChpz,78,-
HtggVzig,20/12/2020,95,Concluida,Prova,ZhurJfee,23,-
GppzRwmx,21/4/2021,50,Concluida,Prova,QmeoKtuw,17,-
MumrOgih,9/1/2020,47,Concluida,Prova,LgaeFwcc,33,-
BulaQuwm,10/9/2020,88,Concluida,Prova,SfqlAuit,86,-
GtvyRpck,12/1/2020,7,Concluida,Prova,ZiuiGqkr,82,-
GbkmRklt,11/9/2021,51,Concluida,Prova,FfxvAadi,29,-
HvsaMpye,19/4/2021,11,Concluida,Prova,MesuIwse,82,-
RntuIcau,0/11/2020,65,Concluida,Prova,KkpfNhfy,4,-
JdktMsjz,22/8/2021,90,Concluida,Prova,XvgcJxil,56,-
OlonWbpb,27/11/2020,99,Concluida,Prova,DeauEzqw,97,-
SwheXvga,23/11/2020,43,Concluida,Prova,RrubGntq,70,-
HwhwXnar,7/11/2021,7,Concluida,Prova,UwrwTjzf,43,-
BbbpLhof,18/6/2021,17,Concluida,Prova,MmuiYvct,30,-
CcuwAsez,12/7/2020,84,Concluida,Prova,VatwXcvu,23,-
WowjNqdh,12/7/2021,55,Concluida,Prova,VmgjUplq,70,-
DaivJyue,14/5/2020,56,Concluida,Prova,FeyoGlpg,29,-
AuzhGyfm,26/5/2020,41,Concluida,Prova,UtokZnud,59,-
VzhnYqgi,10/10/2020,37,Concluida,Prova,CmyoZvug,77,-
AixrJhlh,22/12/2021,60,Concluida,Prova,OnowMydi,5,-
WgjhKtwn,26/2/2020,33,Concluida,Prova,SvhcEncr,77,-
CuoyXqnd,16/6/2020,53,Concluida,Prova,KhyqLbdv,54,-
VkrtOexf,5/1/2021,83,Concluida,Prova,KhkjGbob,94,-
ShdvPblq,23/11/2020,30,Concluida,Prova,MexgBkfa,32,-
UymiBopk,20/3/2021,67,Concluida,Prova,OqniDdiy,28,-
QuosDbis,15/12/2021,45,Concluida,Prova,BnpsHsim,84,-
QskmZund,12/3/2021,98,Concluida,Prova,UppwPlmt,49,-
IcfjStyy,16/10/2021,1,Concluida,Prova,MwviTtvy,47,-
UbcqXpwh,20/11/2021,51,Concluida,Prova,NqefZnet,18,-
MgqvXxkw,11/1/2021,23,Concluida,Prova,IjpuNyvg,34,-
RjigPfdn,6/1/2021,98,Concluida,Prova,HstiXaoj,68,-
EfhgOgos,29/5/2020,95,Concluida,Prova,IhjqRybx,74,-
NyfnTynp,31/12/2021,90,Concluida,Prova,IvbdUjlj,25,-
ZvjpIibc,25/4/2020,91,Concluida,Prova,WlbiPeum,69,-
YnppYlcb,7/7/2020,81,Concluida,Prova,FxnsWbep,74,-
IufyIxvk,12/6/2021,22,Concluida,Prova,WlwmAool,29,-
TaaxRwam,5/11/2020,56,Concluida,Prova,RzqcGsho,93,-
YnqkLnyd,21/10/2021,29,Concluida,Prova,UfstZjah,25,-
KddpQbib,4/6/2021,26,Concluida,Prova,FpzfFrae,39,-
IxudNsui,26/6/2021,59,Concluida,Prova,LpioIxux,51,-
CekgBldx,9/5/2021,91,Concluida,Prova,LtewVkqh,71,-
AakaCivo,5/3/2020,33,Concluida,Prova,MxtbQzms,63,-
QlsmFgkq,7/12/2020,27,Concluida,Prova,LyobHyfg,14,-
SjxcXfql,21/12/2020,81,Concluida,Prova,CbzoBshs,66,-
DnwhFpho,19/11/2020,6,Concluida,Prova,BxvxOawy,72,-
TnrbCmyz,8/6/2020,87,Concluida,Prova,TxvtUbxw,64,-
KvduZnms,30/8/2021,67,Concluida,Prova,EebkCcsq,80,-
AanfLfwf,21/2/2021,88,Concluida,Prova,OmnnSwng,55,-
TnoaTkic,3/10/2020,94,Concluida,Prova,PiesKolo,63,-
EpgkXmkp,30/5/2020,83,Concluida,Prova,JyhaJtda,45,-
GtmaAkot,5/12/2021,30,Concluida,Prova,CsyoMkea,53,-
BhzdSmxe,24/4/2020,35,Concluida,Prova,YiquJpib,4,-
IewaDeqo,0/11/2020,83,Concluida,Prova,NuhjWeom,90,-
ZnytJalm,15/5/2020,5,Concluida,Prova,AqveSfeo,3,-
BuqcZcbj,24/4/2020,49,Concluida,Prova,GbncCima,27,-
YxurCzog,10/2/2020,30,Concluida,Prova,CxwdAkry,97,-
PvgbKewb,31/5/2020,17,Concluida,Prova,VqzfVkja,91,-
RoueBumt,19/8/2021,18,Concluida,Prova,GkafXezj,53,-
CbocGgll,22/7/2020,73,Concluida,Prova,ZyllBgzw,37,-
EmcxOkld,28/2/2021,25,Concluida,Prova,TjcnTpjj,75,-
AkijZlzc,1/9/2021,62,Concluida,Prova,DvntFhid,26,-
CqlvEwvk,26/12/2020,23,Concluida,Prova,RvhoSlzn,5,-
ZeboRctn,5/3/2020,20,Concluida,Prova,RbtwCkra,90,-
NkzcHhdx,22/10/2020,88,Concluida,Prova,OvquXvxd,22,-
LwwsOxue,3/10/2020,40,Concluida,Prova,KegcRoak,82,-
QigeKnny,27/4/2021,36,Concluida,Prova,MisxDnmz,21,-
UcpzJtzm,12/1/2021,87,Concluida,Prova,CfwnEzby,69,-
FobzBjcn,15/11/2020,1,Concluida,Prova,TfalDzjb,44,-
SwmbJdqp,24/5/2020,90,Concluida,Prova,WcsuJoyu,15,-
IrbiJdwi,23/10/2020,87,Concluida,Prova,KposYufx,29,-
WdrhZike,3/2/2021,2,Concluida,Prova,BxtgTfgh,24,-
KuonCvhu,10/8/2021,94,Concluida,Prova,MjoeBzpb,82,-
XreiHfyd,20/10/2021,22,Concluida,Prova,PzymAxdj,24,-
VusdDokk,27/5/2020,54,Concluida,Prova,FewwZsqv,32,-
ChmjBxqi,18/1/2021,71,Concluida,Prova,NkbwWala,83,-
KyfiUzzx,18/6/2021,3,Concluida,Prova,IetpUdht,8,-
MhycZvah,18/7/2020,96,Concluida,Prova,QmrlSshc,65,-
AlaxGwfy,18/10/2021,3,Concluida,Prova,UntkYhrz,4,-
XanhNhyr,14/9/2020,28,Concluida,Prova,OfapYwbx,22,-
PrjyQcke,13/5/2021,27,Concluida,Prova,RkxaCcoi,2,-
UzvmIzdm,25/3/2020,99,Concluida,Prova,JurvPeyx,53,-
RaguRvpj,20/11/2020,65,Concluida,Prova,MohkXnbc,40,-
TtusXjsq,13/2/2021,23,Concluida,Prova,AmfaMzbl,76,-
RoyhKswe,20/7/2020,59,Concluida,Prova,BzebVfgb,5,-
TabhCumt,3/8/2021,42,Concluida,Prova,NxxmUzaz,82,-
WyfiTeqf,30/1/2021,37,Concluida,Prova,OdsyKpwe,97,-
UuorYtdx,2/4/2021,28,Concluida,Prova,MhulSdwk,12,-
BgakSrqb,4/9/2020,28,Concluida,Prova,AhsvCckx,36,-
DmhjIjqe,6/8/2020,96,Concluida,Prova,IfbpDzxp,26,-
FmvvHsrl,21/9/2020,65,Concluida,Prova,NepgOaas,66,-
WachIuaa,8/11/2020,23,Concluida,Prova,HeogMnnr,59,-
AsimPgqh,31/10/2021,18,Concluida,Prova,QhadLwsn,97,-
DjmfFfsq,7/10/2020,76,Concluida,Prova,LtypQkrr,22,-
WaodLjhh,16/7/2020,23,Concluida,Prova,ObnhRjdw,66,-
YlosHlsu,23/12/2020,20,Concluida,Prova,ZghjVccs,36,-
CrjpSnos,9/8/2021,68,Concluida,Prova,RmsdEdeo,94,-
CaloNydc,11/4/2020,52,Concluida,Prova,ZqkoYkdv,86,-
FzsyOshz,26/6/2020,81,Concluida,Prova,YbyeOrdo,62,-
EepaOsup,4/2/2020,60,Concluida,Prova,WbwdWopb,9,-
YkwiFqmp,31/4/2020,28,Concluida,Prova,BvjnByro,60,-
YkpdYpev,1/11/2020,20,Concluida,Prova,GrdpRwxe,52,-
CxqbSjrm,25/9/2021,67,Concluida,Prova,AnwbAfpt,18,-
AtonFsyu,0/3/2021,85,Concluida,Prova,JzemWnes,35,-
NderVmox,0/11/2021,72,Concluida,Prova,UuvfHzim,17,-
TagyNlro,20/11/2020,27,Concluida,Prova,AfrwNsnm,55,-
TyrzQspo,29/9/2021,17,Concluida,Prova,WxwsEptm,38,-
XvymVjmf,31/5/2021,67,Concluida,Prova,UhqfWjqo,92,-
XxtlFqfa,30/9/2021,84,Concluida,Prova,OclqXzik,45,-
JankNdvk,1/7/2020,22,Concluida,Prova,KebdKsbw,92,-
IhyhUiot,9/12/2021,66,Concluida,Prova,PrxkIcga,78,-
KrbdEqco,0/1/2021,35,Concluida,Prova,AepzLdia,58,-
ExueTtra,19/5/2020,97,Concluida,Prova,WtanAhun,77,-
WzhxAfyj,0/5/2020,64,Concluida,Prova,IopgRunx,41,-
RrvzNbbf,23/10/2021,70,Concluida,Prova,UcpkYhqs,28,-
ZlaxAqxf,25/3/2021,59,Concluida,Prova,SupwFvit,74,-
QrpnJene,4/10/2021,31,Concluida,Prova,UwktTdnp,51,-
VsknWvxx,9/1/2021,59,Concluida,Prova,LjaiEhqd,70,-
AgvyBlqt,25/5/2020,50,Concluida,Prova,YdpeLnvm,99,-
LicvBisp,15/11/2021,56,Concluida,Prova,IuucSwbu,97,-
AqbqDonw,25/4/2021,88,Concluida,Prova,LdtpHlgr,58,-
GuatAula,26/1/2020,10,Concluida,Prova,DmqgWtif,85,-
NqqkHjha,4/5/2020,58,Concluida,Prova,BcxwFpbm,50,-
OpgxSdvv,23/1/2021,68,Concluida,Prova,VqwcCumg,99,-
FcfxSmub,17/5/2021,61,Concluida,Prova,VirbVrir,54,-
FpxnZbjq,10/12/2020,8,Concluida,Prova,EbijVqky,45,-
QqekXbsx,1/6/2021,72,Concluida,Prova,PcjeGami,6,-
QfcuPjwf,20/2/2021,55,Concluida,Prova,WitkJjfq,95,-
RzkzIaau,7/4/2021,16,Concluida,Prova,LnvgAvbj,4,-
OydqFlai,17/12/2021,84,Concluida,Prova,DmrnZikv,88,-
LbbfUtxo,23/11/2021,50,Concluida,Prova,XlgjTeph,40,-
NaknCrzr,4/5/2020,61,Concluida,Prova,TuhjXkjv,85,-
VpluSfls,0/7/2020,81,Concluida,Prova,QhoyTexq,19,-
XaugFaxh,13/10/2021,69,Concluida,Prova,MeowDjrb,39,-
OqlkTmpj,0/9/2020,40,Concluida,Prova,CadeZzsj,66,-
KznaDkbk,18/8/2020,38,Concluida,Prova,TldkTnqb,14,-
NpwbOqlx,13/10/2021,46,Concluida,Prova,LvfpGmic,82,-
SujjBgnk,15/8/2020,58,Concluida,Prova,RyxyXiem,51,-
GrzvNscp,29/10/2021,92,Concluida,Prova,YqieIrgc,23,-
VlxxFsew,21/9/2021,94,Concluida,Prova,OmosNfwg,18,-
ZjbrOvqw,11/7/2021,28,Concluida,Prova,MluyDrkv,30,-
EfqpFxkt,7/10/2021,25,Concluida,Prova,MhpjHwff,88,-
MeznNnyo,24/6/2020,10,Concluida,Prova,ExomCfaa,61,-
YmidJwna,8/4/2021,80,Concluida,Prova,RukaVwzy,70,-
UpzrFdrr,18/9/2021,65,Concluida,Prova,BwirEupl,89,-
XwayXasj,11/10/2020,8,Concluida,Prova,NwxpFqbg,44,-
IueiAmec,11/12/2021,53,Concluida,Prova,JbpjKibg,35,-
JnbcSovz,26/9/2020,85,Concluida,Prova,XcgwOuod,60,-
LqbhEfmh,13/10/2021,15,Concluida,Prova,SjtrFxkb,64,-
RrlfIche,25/8/2021,36,Concluida,Prova,IwctCqrh,32,-
PscjBadj,10/10/2020,69,Concluida,Prova,UhbgKldc,44,-
AtftBdfa,28/5/2020,21,Concluida,Prova,BkaiLqbg,47,-
DwuaJuhw,20/5/2020,32,Concluida,Prova,HkyzTkpk,83,-
AxlzTzpb,16/9/2020,80,Concluida,Prova,QahrVamz,21,-
XmkgItdz,4/3/2020,92,Concluida,Prova,AcexFurs,21,-
CeyeKieb,2/7/2021,12,Concluida,Prova,GzfhEhvy,90,-
HmhaUlla,11/6/2021,3,Concluida,Prova,TmddQbgj,92,-
PtywKcnx,28/9/2021,94,Concluida,Prova,ZjwfMeva,50,-
PzeaTqsk,8/4/2020,3,Concluida,Prova,YeevNzhx,39,-
BylyUrfb,19/4/2020,84,Concluida,Prova,GylnNdzc,22,-
FyqgRgig,7/10/2021,18,Concluida,Prova,PylwMnkt,32,-
QxwuTmja,13/3/2021,39,Concluida,Prova,FvapAcpo,23,-
OdpvXbmd,0/7/2021,43,Concluida,Prova,TpxwQbts,25,-
OgvtUujl,17/4/2020,63,Concluida,Prova,HsfvVewy,7,-
LyazHcuy,11/2/2020,71,Concluida,Prova,QnvwDsge,13,-
VwqiBbvf,5/4/2020,61,Concluida,Prova,QbivNxju,72,-
JoclKdip,28/1/2020,76,Concluida,Prova,NssdBajn,58,-
TwibUnem,31/5/2021,94,Concluida,Prova,BaduGqou,61,-
UsqnYxff,26/5/2020,92,Concluida,Prova,PlgdEmce,46,-
WczgXlbg,10/10/2020,6,Concluida,Prova,NkdkFsku,84,-
NqmzXaga,30/8/2021,36,Concluida,Prova,RmesEgfu,77,-
MzubMwsg,13/9/2021,41,Concluida,Prova,ZvaxGkac,34,-
LlxbVomp,2/2/2020,54,Concluida,Prova,AqbyKeok,97,-
CkcwZrnh,28/10/2020,34,Concluida,Prova,ZhyyZrkh,15,-
CaeyQtol,19/1/2021,55,Concluida,Prova,BpijLpyq,37,-
YyfxWzyl,3/5/2020,91,Concluida,Prova,DtmpFpae,38,-
ApgzTsgf,19/4/2020,72,Concluida,Prova,QaxgNtwz,84,-
MqwnJgpu,5/2/2020,5,Concluida,Prova,TyxiAuhx,7,-
SqqgFssa,17/10/2020,54,Concluida,Prova,TcjxViss,31,-
TtzvBemv,12/1/2021,35,Concluida,Prova,PxxpUolv,31,-
WucwYqqj,29/12/2021,79,Concluida,Prova,TqvoTjrq,99,-
MrpsTiwi,23/4/2020,51,Concluida,Prova,CknvDzjh,2,-
MztxRdub,22/1/2021,71,Concluida,Prova,OqwsCtny,45,-
YcspMjmo,13/10/2021,77,Concluida,Prova,ApizUrem,40,-
